exam_name,category,status,exam_group,min_qualification,stream_requirement,scope,eligible_states,domicile_reservation_state,application_deadline,source_url,last_verified_date
AP POLYCET (Andhra Pradesh Polytechnic),Education,Active,AP POLYCET (Andhra Pradesh Polytechnic),Class 10 Pass,Any,national,All India,Andhra Pradesh,09-04-2026,https://polycetap.ap.gov.in,2026-09-03
Assam PAT (Polytechnic Admission Test),Education,Discontinued,Assam PAT (Polytechnic Admission Test),Class 10 Pass,Any,state,Assam,,,https://dte.assam.gov.in,28-07-2026
Bihar ITI CAT,Education,Active,Bihar ITI CAT,Class 10 Pass,Any,state,Bihar,,10 May 2026,https://bceceboard.bihar.gov.in,2026-09-03
Delhi CET (Delhi Polytechnic Exam) - General Diploma,Education,Active,Delhi CET ,Class 10 Pass,Any,national,All India,Delhi,"June 13, 2026",https://dseuonline.in,2026-09-03
Delhi CET (Delhi Polytechnic Exam) - Diploma in Pharmacy,Education,Active,Delhi CET ,12th Pass (appearing),PCM/B,national,All India,Delhi,"June 13, 2026",https://dseuonline.in,2026-09-04
JEECUP (UP Polytechnic Entrance),Education,Active,,Class 10 Pass,Any,Uttar Pradesh,Uttar Pradesh,,17/05/26,https://jeecup.admissions.nic.in,2026-09-04
JEXPO (West Bengal Polytechnic),Education,Active,,Class 10 Pass,Any,West Bengal,West Bengal,,04.05.2026,https://webscte.co.in/JEXPO,2026-09-04
MP PPT (MP Pre-Polytechnic Test),Education,Active,,Class 10 Pass,Any,Madhya Pradesh,Madhya Pradesh,,,https://esb.mp.gov.in,2026-09-04
TS POLYCET (Telangana Polytechnic),Education,Active,,Class 10 Pass,Any,Telangana,Telangana,,2026-04-22,https://polycet.sbtet.telangana.gov.in,2026-09-04
Uttarakhand JEEP (Polytechnic Entrance),Education,Active,,Class 10 Pass,Any,Uttarakhand,Uttarakhand,,"May 15, 2026",https://ubter.in,2026-09-04
Chhattisgarh PPT (CG Polytechnic Test),Education,Active,,Class 10 Pass,Any,Chhattisgarh,Chhattisgarh,,,https://vyapam.cgstate.gov.in,2026-09-04
Odisha DET (Diploma Entrance Test),Education,Active,,Class 10 Pass,Any,Odisha,Odisha,,01/06/26,http://sctevtodisha.nic.in,2026-09-04
H.P. Administrative Service Combined Competitive Examination ,Recruitment,Active,,Bachelor’s Degree,Any,state,Himachal Pradesh,Himachal Pradesh,22/09/26,https://hppsc.hp.gov.in/,
Combined Entrance Test - Allied and Healthcare College ,Education,Active,,12th Pass (appearing),PCB,state,Himachal Pradesh,Himachal Pradesh,13-09- 2026 ,https://amruhp.ac.in/counselling-notifications/,
RRB Group D (Railways Level-1 Posts),Recruitment,Active,,Class 10 Pass,Any,national,All India,,,RRB regional sites (e.g. http://rrbald.gov.in),2026-09-04
SSC MTS (Multi-Tasking Staff),Recruitment,Active,,Class 10 Pass,Any,national,All India,,,https://ssc.nic.in,2026-09-04
SSC GD Constable (CAPFs / Rifleman),Recruitment,Active,,Class 10 Pass,Any,national,All India,,,https://ssc.nic.in,2026-09-04
Indian Army Agniveer (Women Military Police),Recruitment,Active,,Class 10 Pass,Any,national,All India,,10/04/26,https://joinindianarmy.nic.in,2026-09-04
Indian Navy Agniveer (MR) (Matric Recruit),Recruitment,Active,,Class 10 Pass,Any,national,All India,,06/04/26,https://agniveernavy.cdac.in,2026-09-04
Coast Guard Navik (Domestic Branch),Recruitment,Active,,Class 10 Pass,Any,national,All India,,,https://joinindiancoastguard.gov.in,2026-09-04
AISSEE (Sainik School Entrance - Class 6/9),Education,Active,,Class 8 Pass,Any,national,All India,,,https://aissee.nta.nic.in,2026-09-04
AILET (NLU Delhi Law Entrance),Education,Active,,12th Pass (appearing),Any,national,All India,,"November 10, 2025",http://nludelhi.ac.in,2026-09-04
AMU Entrance Exams (various UG courses),Education,Active,,12th Pass (appearing),Any,national,All India,,,https://amucontrollerexams.com,2026-09-04
AMU Entrance Exams (POST-GRADUATE PROGRAMMES  ),Education,Active,,Bachelor’s Degree,Any,national,All India,,,https://amucontrollerexams.com,2026-09-04
AMU Entrance Exams (RESEARCH PROGRAMMES),Education,Active,,Master’s Degree,Any,national,All India,,,https://amucontrollerexams.com,2026-09-04
BITSAT (BITS Pilani Admission Test),Education,Active,,12th Pass (appearing),PCM,national,All India,,19/03/26,https://www.bitsadmission.com,2026-09-04
CLAT (Common Law Admission Test) – UG,Education,Active,,12th Pass (appearing),Any,national,All India,,"31st October, 2026",https://consortiumofnlus.ac.in,2026-09-04
CUET-UG (Common Univ Entrance Test),Education,Active,,12th Pass (appearing),Any,national,All India,,"February 26, 2026",https://cuet.samarth.ac.in,2026-09-04
ICAR AIEEA-UG (via CUET),Education,Active,,12th Pass (appearing),Any,national,All India,,10/06/26,https://icar.nta.nic.in,2026-09-04
IMU-CET (Maritime Univ Entrance),Education,Active,,12th Pass (appearing),PCM,national,All India,,24/04/26,https://imu.edu.in,2026-09-04
JEE Main (NTA Joint Entrance Exam),Education,Active,,12th Pass (appearing),PCM,national,All India,,Session 1: November 2025 / Session 2: February 2026,jeemain.nta.nic.in,2026-09-04
LSAT—India (Law School Adm. Test),Education,Discontinued,,12th Pass (appearing),Any,national,All India,,,https://discoverlaw.in,2026-09-04
MET (Manipal Entrance Test),Education,Active,,12th Pass (appearing),PCM,national,All India,,"Phase 1: March 15, 2026; Phase 2: May 23, 2026",https://manipal.edu/mu/admission/indian-students/online-entrance-exam.html,2026-09-04
NATA (Architecture Aptitude Test),Education,Active,,12th Pass (appearing),PCM,national,All India,,"Ongoing / Weekend registration format (Closing weekly on Mondays/Tuesdays ahead of weekend exams through June 13, 2026, and Phase 2 on August 7-8, 2026)",https://nata.in,2026-09-04
NCHMCT JEE (Hotel Management),Education,Active,,12th Pass (appearing),Any,national,All India,,"April 01, 2026",https://nchmjee.nta.nic.in,2026-09-04
NPAT (NMIMS Programs After Twelfth),Education,Active,,12th Pass (appearing),Any,national,All India,,26/05/26,https://npat.nmims.edu,2026-09-04
VITEEE – Undergraduate Engineering,Education,Active,VITEEE,12th Pass (appearing),PCM,national,All India,,"April 12, 2026",https://viteee.vit.ac.in,2026-09-04
VITEEE – Bio-Engineering/Tech/Bioinformatics,Education,Active,VITEEE,12th Pass (appearing),PCB,national,All India,,"April 12, 2026",https://viteee.vit.ac.in,2026-09-04
SRMJEEE (SRM Univ) – Undergraduate Engineering,Education,Active,SRMJEEE ,12th Pass (appearing),PCM,national,All India,,"Phase 1: April 16, 2026; Phase 2: June 4, 2026; Phase 3: June 30, 2026 (for SRMJEEE UG)",https://applications.srmist.edu.in,2026-09-04
SRMJEEE (SRM Univ) – Bio-Engineering/Tech/Bioinformatics,Education,Active,SRMJEEE ,12th Pass (appearing),PCB,national,All India,,"Phase 1: April 16, 2026; Phase 2: June 4, 2026; Phase 3: June 30, 2026 (for SRMJEEE UG)",https://applications.srmist.edu.in,2026-09-04
COMEDK UGET (Karnataka Pvt Engg Colleges),Education,Active,,12th Pass (appearing),PCM,national,All India,,"March 23, 2026",https://comedk.org,2026-09-04
AEEE (Amrita Univ Engg Exam),Education,Active,,12th Pass (appearing),PCM,national,All India,,"August 15, 2026",https://aeee.amrita.edu,2026-09-04
KIITEE (KIIT University Exam) – Undergraduate Engineering,Education,Active,KIITEE ,12th Pass (appearing),PCM,national,All India,,28th August 2026 (Phase 5),https://kiitee.kiit.ac.in,2026-09-11
KIITEE (KIIT University Exam) - Biotechnology/B.Pharma,Education,Active,KIITEE ,12th Pass (appearing),PCB,national,All India,,28th August 2026 (Phase 5),https://kiitee.kiit.ac.in,2026-09-11
KIITEE (KIIT University Exam) - LL.B/BBA/Others,Education,Active,KIITEE ,12th Pass (appearing),Any,national,All India,,28th August 2026 (Phase 5),https://kiitee.kiit.ac.in,2026-09-11
LPU NEST (LPU Entrance Test) - Undergraduate Engineering,Education,Active,LPU NEST ,12th Pass (appearing),PCM,national,All India,,"Varies by phase/session (e.g., August 17 for ongoing phases, November 15 for January intake)",https://admission.lpu.in,2026-09-11
LPU NEST (LPU Entrance Test) - Biotechnology/B.Pharma,Education,Active,LPU NEST ,12th Pass (appearing),PCB,national,All India,,"Varies by phase/session (e.g., August 17 for ongoing phases, November 15 for January intake)",https://admission.lpu.in,2026-09-11
LPU NEST (LPU Entrance Test) - LL.B/BBA/Others,Education,Active,LPU NEST ,12th Pass (appearing),Any,national,All India,,"Varies by phase/session (e.g., August 17 for ongoing phases, November 15 for January intake)",https://admission.lpu.in,2026-09-11
Symbiosis Entrance Tests: SET (General),Education,Active,Symbiosis,12th Pass (appearing),Any,national,All India,Maharashtra (25% seats reserved for Nagpur Domicile at off-campus centres like SCMS Nagpur and SIT Nagpur),"April 15, 2026",https://set-test.org,2026-09-11
SLAT (Symbiosis Law Aptitude),Education,Active,Symbiosis,12th Pass (appearing),Any,national,All India,,"April 15, 2026",https://set-test.org,2026-09-11
SEED (Symbiosis Entrance – Design),Education,Active,Symbiosis,12th Pass (appearing),Any,national,All India,,"April 15, 2026",https://set-test.org,2026-09-22
SITEEE (Symbiosis Engineering),Education,Active,Symbiosis,12th Pass (appearing),PCM,national,All India,,"April 15, 2026",https://set-test.org,2026-09-22
NIFT Entrance (Fashion & Design),Education,Active,,12th Pass (appearing),Any,national,All India,,"January 19, 2026",https://nift.ac.in/admissions,2026-09-22
NID DAT (Design Aptitude Test),Education,Active,,12th Pass (appearing),Any,national,All India,,"November 30, 2026 (for B.Des/M.Des) / October 1, 2026 (for PhD)",https://admissions.nid.edu,2026-09-22
UCEED (UG Common Design Exam),Education,Active,,12th Pass (appearing),Any,national,All India,,"October 1, 2026",https://www.uceed.iitb.ac.in,2026-09-22
NEET-UG (Medical/Dental Entrance),Education,Active,,12th Pass (appearing),PCB,national,All India,,11/03/26,https://neet.nta.nic.in,2026-09-22
SAT (Scholastic Aptitude Test) – for overseas,Education,Active,,12th Pass (appearing),Any,national,All India,,"Multiple upcoming dates (e.g., September 18, 2026 for October 3, 2026 test; October 23, 2026 for November 7, 2026 test)",https://satsuite.collegeboard.org/sat,2026-09-22
NIFT Entrance Exam 2026 (NIFTEE),Education,Active,,12th Pass (appearing),Any,national,All India,,"January 16, 2026",https://exams.nta.nic.in/niftee/,2026-09-22
UPSC Civil Services Exam (IAS/IPS) - (Preliminary) ,Recruitment,Active,,Bachelor’s Degree,Any,national,All India,,02.02.2027 ,https://www.upsc.gov.in/examinations/exam-calendar,2026-09-22
UPSC ESE (Engineering Services Exam) - (Preliminary) ,Recruitment,Active,,Bachelor’s Degree,Engineering,national,All India,,06.10.2026 ,https://www.upsc.gov.in/examinations/exam-calendar,2026-09-24
UPSC CDS (Combined Defence Services) (I),Recruitment,Active,,Bachelor’s Degree,Any,national,All India,,22.12.2026 ,https://www.upsc.gov.in/examinations/exam-calendar,2026-09-24
UPSC CDS (Combined Defence Services) (II),Recruitment,Active,,Bachelor’s Degree,Any,national,All India,,02.02.2027 ,https://www.upsc.gov.in/examinations/exam-calendar,2026-09-24
UPSC CAPF (Assistant Commandant),Recruitment,Active,,Bachelor’s Degree,Any,national,All India,,02.02.2027 ,https://www.upsc.gov.in/examinations/exam-calendar,2026-09-24
N.D.A. & N.A. Examination (I),Recruitment,Active,,12th Pass (appearing),Any,national,All India,,24.02.2026,https://www.upsc.gov.in/examinations/exam-calendar,2026-09-24
N.D.A. & N.A. Examination (II),Recruitment,Active,,12th Pass (appearing),Any,national,All India,,02.02.2027 ,https://www.upsc.gov.in/examinations/exam-calendar,2026-09-24
AFCAT (Air Force Common Adm Test),Recruitment,Active,,Bachelor’s Degree,Any,national,All India,,21/06/26,https://afcat.cdac.in,2026-09-02
INET (Indian Navy Entrance Test),Recruitment,Active,,Bachelor’s Degree,Any,national,All India,,,https://joinindiannavy.gov.in,
SSC CGL (Combined Grad. Level Exam),Recruitment,Active,,Bachelor’s Degree,Any,national,All India,,No Update for 2026,https://ssc.gov.in/for-candidates/cgl-exam/xsd91hjkshdk92xk,2026-09-03
SSC CPO (SI in CAPF/Delhi Police),Recruitment,Active,,Bachelor’s Degree,Any,national,All India,,No Update for 2026,https://ssc.gov.in/for-candidates/cgl-exam/f2tt2k1tpp3qpb5,2026-09-03
SSC JE (Junior Engineer Exam),Recruitment,Active,,Bachelor’s Degree,Engineering,national,All India,,22.09.2026 ,https://ssc.nic.in,2026-09-03
State PSC Civil Services (e.g. UPPSC/MPSC),Recruitment,Active,,Bachelor’s Degree,Any,national,All India,,,"State PSC websites (e.g. uppsc.up.nic.in, mpsc.gov.in)",
"State Govt. Exams (Group B/C) – e.g. State SSC/Police, Etc.",Recruitment,Active,,Bachelor’s Degree,Any,national,All India,,,State SSC/Police/School Board portals,
GATE (Grad Aptitude Test in Engg) for M.Tech ,Education,Active,,Bachelor’s Degree,Engineering,national,All India,,,https://gate.iitk.ac.in,
GATE (Grad Aptitude Test in Engg) For Phd,Education,Active,,Master’s Degree,Engineering,national,All India,,,https://gate.iitk.ac.in,
CAT (Common Admission Test) – MBA,Education,Active,,Bachelor’s Degree,Any,national,All India,,,https://iimcat.ac.in,
XAT (Xavier Aptitude Test) – MBA,Education,Active,,Bachelor’s Degree,Any,national,All India,,,https://xatonline.in,
CMAT (Common Mgmt Admission Test),Education,Active,,Bachelor’s Degree,Any,national,All India,,"November 24, 2025 ",https://cmat.nta.nic.in,2026-09-03
MAT (Management Aptitude Test),Education,Active,,Bachelor’s Degree,Any,national,All India,,"September 7, 2026 (for PBT) / September 14, 2026 (for CBT)",https://mat.aima.in,2026-09-03
NMAT by GMAC (MBA Entrance),Education,Active,,Bachelor’s Degree,Any,national,All India,,"October 10, 2026",nmat.org,2026-09-03
SNAP (Symbiosis National Aptitude Test),Education,Active,,Bachelor’s Degree,Any,national,All India,,"November 25, 2026",https://snaptest.org,2026-09-03
IBSAT (ICFAI Business School Test),Education,Active,,Bachelor’s Degree,Any,national,All India,,Third week of December 2026 (Tentative),https://ibsindia.org,2026-09-03
ATMA (AIMS Test for Mgmt Admissions),Education,Active,,Bachelor’s Degree,Any,national,All India,,03-08-2026 (for the August 2026 session),https://atmaaims.com,2026-09-03
TISS-NET (TISS National Entrance Test),Education,Active,,Bachelor’s Degree,Any,national,All India,,"Multiple deadlines depending on program (e.g., June 11, 2026 / June 13, 2026 / August 24, 2026)",https://admissions.tiss.edu,2026-09-03
UGC NET (Lectureship & JRF),Education,Active,,Master’s Degree,Any,national,All India,,"May 24, 2026",https://ugcnet.nta.nic.in,2026-09-03
CSIR NET (Science JRF/LS Exam),Education,Active,,Master’s Degree,Any,national,All India,,19 June 2026,https://csirnet.nta.nic.in,2026-09-03
TCS National Qualifier Test (NQT),Recruitment,Active,,Bachelor’s Degree,Any,national,All India,,7 October 2026,https://www.tcsion.com/hub/national-qualifier-test/,2026-09-03
Infosys Certification (InfyTQ),Recruitment,Discontinued,,Bachelor’s Degree,Engineering,national,All India,,,https://infytq.onwingspan.com,2026-09-03
Wipro Elite NLTH (Nat’l Talent Hunt),Recruitment,Discontinued,,Bachelor’s Degree,Engineering,national,All India,,,https://careers.wipro.com,2026-09-03
Cognizant GenC Hiring,Recruitment,Active,,Bachelor’s Degree,Engineering,national,All India,,,https://careers.cognizant.com/india-en/pathways-to-cognizant/genc-program/,
AMCAT (Aspiring Minds Test),Recruitment,Active,,Bachelor’s Degree,Any,national,All India,,,https://myamcat.com,
TCS CodeVita (Global Coding Contest),Recruitment,Active,,Bachelor’s Degree,Engineering,national,All India,,,https://codevita.cloudapp.net,
HackWithInfy (Infosys Coding Contest),Recruitment,Active,,Bachelor’s Degree,Engineering,national,All India,,,https://infosys.com/hackwithinfy,
SBI PO ,Recruitment,Active,,Bachelor’s Degree,Any,national,All India,,,https://sbi.bank.in/web/careers/current-openings,
IBPS PO ,Recruitment,Active,,Bachelor’s Degree,Any,national,All India,,,https://www.ibps.in/,
IBPS RRB PO (Officer Scale I) ,Recruitment,Active,,Bachelor’s Degree,Any,national,All India,,,www.ibps.in,
SBI Clerk (Junior Associate) ,Recruitment,Active,,Bachelor’s Degree,Any,national,All India,,,https://sbi.bank.in/web/careers/current-openings,
IBPS Clerk ,Recruitment,Active,,Bachelor’s Degree,Any,national,All India,,21.07.2026 (for CRP PO/MT-XVI) / 21.09.2026 (for CRP RRBs-XV),www.ibps.in,2026-09-03
IBPS RRB Clerk (Office Assistant) ,Recruitment,Active,,Bachelor’s Degree,Any,national,All India,,21.07.2026 (for CRP PO/MT-XVI) / 21.09.2026 (for CRP RRBs-XV),www.ibps.in,2026-09-03
IBPS Specialist Officer (SO),Recruitment,Active,,Bachelor’s Degree,Any,national,All India,,,https://ibps.in,2026-09-03
RBI Grade B Officer,Recruitment,Active,,Bachelor’s Degree,Any,national,All India,,,https://opportunities.rbi.org.in,2026-09-03
RBI Assistant,Recruitment,Active,,Bachelor’s Degree,Any,national,All India,,20/05/26,https://opportunities.rbi.org.in,2026-09-03
NABARD Grade A/B ,Recruitment,Active,,Bachelor’s Degree,Any,national,All India,,03-02-2026,https://www.nabard.org/careers-notices1.aspx?cid=693&id=26&csrt=1907363722457654889,2026-09-03
LIC AAO (Assistant Admin Officer),Recruitment,Active,,Bachelor’s Degree,Any,national,All India,,01/09/25,,2026-09-03
LIC ADO (Apprentice Dev. Officer),Recruitment,Active,,Bachelor’s Degree,Any,national,All India,,,,2026-09-03
CA (Chartered Accountant Exams),Recruitment,Active,,Bachelor’s Degree,Any,national,All India,,,https://icai.org,
